konyv_cime,ar_gbp
"The Coming Woman: A Novel Based on the Life of the Infamous Feminist, Victoria Woodhull",17.93
"Starving Hearts (Triangular Trade Trilogy, #1)",13.99
Set Me Free,17.46
In Her Wake,12.84
The Four Agreements: A Practical Guide to Personal Freedom,17.66
Sophie's World,15.94
Maude (1883-1993):She Grew Up with the country,18.02
"In a Dark, Dark Wood",19.63
Untitled Collection: Sabbath Poems 2014,14.27
Unicorn Tracks,18.78
Tsubasa: WoRLD CHRoNiCLE 2 (Tsubasa WoRLD CHRoNiCLE #2),16.28
This One Summer,19.49
Thirst,17.27
The Torch Is Passed: A Harding Family Story,19.09
The Life-Changing Magic of Tidying Up: The Japanese Art of Decluttering and Organizing,16.77
The Age of Genius: The Seventeenth Century and the Birth of the Modern Mind,19.73
Reskilling America: Learning to Labor in the Twenty-First Century,19.83
"Princess Jellyfish 2-in-1 Omnibus, Vol. 01 (Princess Jellyfish 2-in-1 Omnibus #1)",13.61
Princess Between Worlds (Wide-Awake Princess #5),13.34
"Pop Gun War, Volume 1: Gift",18.97
Patience,10.16
"Outcast, Vol. 1: A Darkness Surrounds Him (Outcast #1)",15.44
On a Midnight Clear,14.07
Obsidian (Lux #1),14.86
"Mama Tried: Traditional Italian Cooking for the Screwed, Crude, Vegan, and Tattooed",14.02
Lumberjanes Vol. 3: A Terrible Plan (Lumberjanes #9-12),19.92
First and First (Five Boroughs #3),15.97
Camp Midnight,17.08
A Murder in Time,16.64
The Third Wave: An Entrepreneurâs Vision of the Future,12.61
The Stranger,17.44
The Project,10.65
The Long Shadow of Small Ghosts: Murder and Memory in an American City,10.97
The Genius of Birds,17.24
The Argonauts,10.93
Something More Than This,16.24
So You've Been Publicly Shamed,12.23
Poems That Make Grown Women Cry,14.19
Miss Peregrineâs Home for Peculiar Children (Miss Peregrineâs Peculiar Children #1),10.76
Louisa: The Extraordinary Life of Mrs. Adams,16.85
Little Red,13.47
Large Print Heart of the Pride,19.15
Dark Notes,19.19
"Daring Greatly: How the Courage to Be Vulnerable Transforms the Way We Live, Love, Parent, and Lead",19.43
Beauty Restored (Riley Family Legacy Novellas #3),11.11
Batman: The Dark Knight Returns (Batman),15.38
Ayumi's Violin,15.48
Amy Meets the Saints and Sages,18.46
Agnostic: A Spirited Manifesto,12.51
Wild Swans,14.36
What's It Like in Space?: Stories from Astronauts Who've Been There,19.6
Walt Disney's Alice in Wonderland,12.96
The Power of Habit: Why We Do What We Do in Life and Business,16.88
The Lucifer Effect: Understanding How Good People Turn Evil,10.4
The Literature Book (Big Ideas Simply Explained),17.43
The Guilty (Will Robie #4),13.82
The Bad-Ass Librarians of Timbuktu: And Their Race to Save the Worldâs Most Precious Manuscripts,15.77
That Darkness (Gardiner and Renner #1),13.92
Tastes Like Fear (DI Marnie Rome #3),10.69
Superman Vol. 1: Before Truth (Superman by Gene Luen Yang #1),11.89
Pet Sematary,10.56
Once Was a Time,18.28
Old School (Diary of a Wimpy Kid #10),11.83
Love Is a Mix Tape (Music #1),18.03
Lady Midnight (The Dark Artifices #1),16.28
"It's All Easy: Healthy, Delicious Weeknight Meals in under 30 Minutes",19.55
I Am Pilgrim (Pilgrim #1),10.6
"Hyperbole and a Half: Unfortunate Situations, Flawed Coping Mechanisms, Mayhem, and Other Things That Happened",14.75
Greek Mythic History,10.23
"Far & Away: Places on the Brink of Change: Seven Continents, Twenty-Five Years",15.06
Eight Hundred Grapes,14.39
Dear Mr. Knightley,11.21
City of Fallen Angels (The Mortal Instruments #4),11.23
Balloon Animals,17.03
"Adulthood Is a Myth: A ""Sarah's Scribbles"" Collection",10.9
A Study in Scarlet (Sherlock Holmes #1),16.73
A Distant Mirror: The Calamitous 14th Century,14.58
"The Three Searches, Meaning, and the Story",13.33
My Kitchen Year: 136 Recipes That Saved My Life,11.53
Will You Won't You Want Me?,13.86
The Epidemic (The Program 0.6),14.44
The Children,11.88
One with You (Crossfire #5),15.71
Hide Away (Eve Duncan #20),11.84
"The Sleep Revolution: Transforming Your Life, One Night at a Time",11.68
Playing with Fire,13.71
Mothering Sunday,13.34
"Mother, Can You Not?",16.89
Lilac Girls,17.28
Daredevils,16.34
A Mother's Reckoning: Living in the Aftermath of Tragedy,19.53
A Gentleman's Position (Society of Gentlemen #3),14.75
Underlying Notes,11.82
"The Moosewood Cookbook: Recipes from Moosewood Restaurant, Ithaca, New York",12.34
The Flowers Lied,16.68
"NaNo What Now? Finding your editing process, revising your NaNoWriMo book and building a writing career through publishing and beyond",10.41
Why Not Me?,17.76
Roller Girl,14.1
Living Forward: A Proven Plan to Stop Drifting and Get the Life You Want,12.55
History of Beauty,10.29
Brilliant Beacons: A History of the American Lighthouse,11.45
Brazen: The Courage to Find the You That's Been Hiding,19.22
"A Murder Over a Girl: Justice, Gender, Junior High",13.2
You Are a Badass: How to Stop Doubting Your Greatness and Start Living an Awesome Life,12.08
The Origin of Species,10.01
The Glass Castle,16.24
The Constant Princess (The Tudor Court #1),16.62
"Naturally Lean: 125 Nourishing Gluten-Free, Plant-Based Recipes--All Under 300 Calories",11.38
Life of Pi,13.22
"Fruits Basket, Vol. 7 (Fruits Basket #7)",19.57
Every Heart a Doorway (Every Heart A Doorway #1),12.16
Counted With the Stars (Out from Egypt #1),17.97
The Hobbit (Middle-Earth Universe),17.8
The Golden Compass (His Dark Materials #1),18.77
The Girl You Left Behind (The Girl You Left Behind #1),15.79
The Fellowship of the Ring (The Lord of the Rings #1),10.27
The Collected Poems of W.B. Yeats (The Collected Works of W.B. Yeats #1),15.42
Pride and Prejudice,19.27
Me Before You (Me Before You #1),19.02
Give It Back,18.32
Two Summers,14.64
The Secret Garden,15.08
The Power Greens Cookbook: 140 Delicious Superfood Recipes,11.05
The Grand Design,13.76
The Darkest Corners,11.33
The 5th Wave (The 5th Wave #1),11.83
Shiver (The Wolves of Mercy Falls #1),16.23
Remember Me?,11.48
Peak: Secrets from the New Science of Expertise,16.28
Logan Kade (Fallen Crest High #5.5),13.12
Kill the Boy Band,15.52
"Fruits Basket, Vol. 5 (Fruits Basket #5)",16.33
Fool Me Once,16.96
Booked,17.49
An Abundance of Katherines,10.0
A Feast for Crows (A Song of Ice and Fire #4),17.21
A Clash of Kings (A Song of Ice and Fire #2),10.79
The Hound of the Baskervilles (Sherlock Holmes #5),14.82
The Gunning of America: Business and the Making of American Gun Culture,16.81
Some Women,13.73
Outlander (Outlander #1),19.67
"Orchestra of Exiles: The Story of Bronislaw Huberman, the Israel Philharmonic, and the One Thousand Jews He Saved from Nazi Horrors",12.36
Night Shift (Night Shift #1-20),12.75
Harry Potter and the Sorcerer's Stone (Harry Potter #1),13.9
Harry Potter and the Chamber of Secrets (Harry Potter #2),14.74
Dark Lover (Black Dagger Brotherhood #1),12.87
Changing the Game (Play by Play #2),13.38
Wuthering Heights,17.73
"Where'd You Go, Bernadette",18.13
Vegan Vegetarian Omnivore: Dinner for Everyone at the Table,13.66
"The Wicked + The Divine, Vol. 3: Commercial Suicide (The Wicked + The Divine)",14.41
The Travelers,15.77
The Tipping Point: How Little Things Can Make a Big Difference,10.02
The Restaurant at the End of the Universe (Hitchhiker's Guide to the Galaxy #2),10.92
The Purest Hook (Second Circle Tattoos #3),12.25
The Guns of August,14.54
The Giver (The Giver Quartet #1),12.3
"The Elegant Universe: Superstrings, Hidden Dimensions, and the Quest for the Ultimate Theory",13.03
The Cuckoo's Calling (Cormoran Strike #1),19.21
The Cat in the Hat (Beginner Books B-1),16.26
Scarlet (The Lunar Chronicles #2),14.57
Running with Scissors,12.91
Reservations for Two,11.1
Ready Player One,19.07
Outliers: The Story of Success,14.16
Night (The Night Trilogy #1),13.51
Lust & Wonder,11.87
Lila (Gilead #3),12.47
I've Got Your Number,19.69
Green Eggs and Ham (Beginner Books B-16),10.79
Fifty Shades Freed (Fifty Shades #3),15.36
Eclipse (Twilight #3),18.74
Disrupted: My Misadventure in the Start-Up Bubble,15.28
"David and Goliath: Underdogs, Misfits, and the Art of Battling Giants",17.81
Counting Thyme,10.62
Are We There Yet?,10.66
A Visit from the Goon Squad,14.08
"The Suffragettes (Little Black Classics, #96)",11.89
The Course of Love,16.78
"Saga, Volume 2 (Saga (Collected Editions) #2)",11.75
New Moon (Twilight #2),12.86
"Fruits Basket, Vol. 2 (Fruits Basket #2)",11.64
"Y: The Last Man, Vol. 1: Unmanned (Y: The Last Man #1)",18.51
"Vampire Knight, Vol. 1 (Vampire Knight #1)",15.4
The Zombie Room,19.69
The Silent Wife,12.34
The Iliad,16.16
The Girl You Lost,12.29
The Girl In The Ice (DCI Erika Foster #1),15.85
The End of the Jesus Era (An Investigation #1),14.4
The Edge of Reason (Bridget Jones #2),19.18
The Complete Maus (Maus #1-2),10.64
The Communist Manifesto,14.76
Taking Shots (Assassins #1),18.88
Sister Sable (The Mad Queen #1),13.33
A Spy's Devotion (The Regency Spies of London #1),16.97
