Könyv Címe;Ár (GBP);Raktáron
A Light in the Attic;51.77;Igen
Tipping the Velvet;53.74;Igen
Soumission;50.1;Igen
Sharp Objects;47.82;Igen
Sapiens: A Brief History of Humankind;54.23;Igen
The Requiem Red;22.65;Igen
The Dirty Little Secrets of Getting Your Dream Job;33.34;Igen
The Coming Woman: A Novel Based on the Life of the Infamous Feminist, Victoria Woodhull;17.93;Igen
The Boys in the Boat: Nine Americans and Their Epic Quest for Gold at the 1936 Berlin Olympics;22.6;Igen
The Black Maria;52.15;Igen
Starving Hearts (Triangular Trade Trilogy, #1);13.99;Igen
Shakespeare's Sonnets;20.66;Igen
Set Me Free;17.46;Igen
Scott Pilgrim's Precious Little Life (Scott Pilgrim #1);52.29;Igen
Rip it Up and Start Again;35.02;Igen
Our Band Could Be Your Life: Scenes from the American Indie Underground, 1981-1991;57.25;Igen
Olio;23.88;Igen
Mesaerion: The Best Science Fiction Stories 1800-1849;37.59;Igen
Libertarianism for Beginners;51.33;Igen
It's Only the Himalayas;45.17;Igen
